{
    "aimbot": {
        "enabled": false,
        "FOV": 4.0,
        "smooth_base": 0.12,
        "smooth_var": 0.0,
        "rcs_enabled": true,
        "rcs_smooth_base": 0.12,
        "rcs_smooth_var": 0.03,
        "rcs_scale": 2.6,
        "stabilize_shots": 3,
        "target_switch_delay": 0.2,
        "aim_start_delay": 0.06,
        "downward_offset": 62,
        "target_bone_name": "head",
        "enable_learning": true,
        "enable_velocity_prediction": false,
        "DeathMatch": false,
        "triggerbot_enabled": false,
        "triggerbot_cooldown": 0.8,
        "trigger_key": null,
        "shoot_teammates": false,
        "bhop_enabled": false,
        "glow": false,
        "game_fov": 90,
        "monitor_sync_enabled": true,
        "menu_toggle_key": "insert",
        "noflash_enabled": false,
        "triggerbot_always_on": false
    },
    "esp": {
        "enabled": true,
        "watermark_enabled": true,
        "crosshair_enabled": false,
        "enemy_only_enabled": false,
        "team_only_enabled": false,
        "distance_esp_enabled": false,
        "box_esp_enabled": false,
        "healthbar_enabled": false,
        "health_esp_enabled": false,
        "name_esp_enabled": false,
        "line_esp_enabled": false,
        "head_esp_enabled": false,
        "skeletonesp": false,
        "bone_esp_enabled": false,
        "armoresp_enabled": false,
        "armorbar_enabled": true,
        "spectator_list_enabled": true,
        "flash_esp_enabled": true,
        "scoped_esp_enabled": false,
        "head_esp_shape": "square",
        "head_esp_size": 10,
        "bone_esp_shape": "square",
        "bone_esp_size": 5,
        "esp_font_settings": {
            "size": 10,
            "color": "cyan"
        },
        "team_esp_color": "blue",
        "box_esp_color": "red",
        "head_esp_color": "yellow",
        "line_color": "white",
        "skeleton_esp_color": "orange",
        "bone_esp_color": "yellow",
        "box_background_color": "black",
        "crosshair_color": "white",
        "weapon_esp_enabled": true,
        "weapon_esp_color": "cyan",
        "bomb_esp_enabled": true,
        "fov_overlay_enabled": false,
        "fov_overlay_color": "green"
    }
}